sex,age,r2017,r2018,r2019,r2020,r2021,r2022,r2023,r2024
f,15,0.00439,0.00434,0.00428,0.00421,0.00415,0.00407,0.00401,0.00398
f,16,0.00475,0.0047,0.00464,0.00456,0.0045,0.00442,0.00436,0.00432
f,17,0.00511,0.00506,0.005,0.00493,0.00486,0.00479,0.00472,0.00469
f,18,0.00541,0.00536,0.0053,0.00523,0.00517,0.00509,0.00503,0.00499
f,19,0.00561,0.00556,0.0055,0.00543,0.00538,0.0053,0.00524,0.0052
f,20,0.00572,0.00567,0.00562,0.00555,0.00549,0.00541,0.00535,0.00531
f,21,0.00579,0.00574,0.00568,0.00561,0.00555,0.00547,0.00541,0.00538
f,22,0.00586,0.00581,0.00575,0.00568,0.00562,0.00554,0.00547,0.00544
f,23,0.00598,0.00592,0.00586,0.00574,0.00569,0.00564,0.00557,0.00554
f,24,0.00615,0.00609,0.00603,0.0058,0.00577,0.0058,0.00573,0.00569
f,25,0.00638,0.00632,0.00625,0.00589,0.00589,0.00601,0.00594,0.0059
f,26,0.00665,0.00658,0.00651,0.00603,0.00605,0.00625,0.00618,0.00614
f,27,0.00692,0.00685,0.00677,0.00625,0.00627,0.0065,0.00642,0.00638
f,28,0.00717,0.0071,0.00702,0.0065,0.00652,0.00674,0.00666,0.00662
f,29,0.00739,0.00732,0.00724,0.00673,0.00676,0.00695,0.00686,0.00682
f,30,0.00759,0.00751,0.00743,0.00694,0.00698,0.00713,0.00704,0.007
f,31,0.00776,0.00769,0.0076,0.00714,0.00719,0.0073,0.0072,0.00716
f,32,0.00794,0.00786,0.00777,0.00734,0.0074,0.00746,0.00736,0.00732
f,33,0.00813,0.00805,0.00796,0.00755,0.00761,0.00763,0.00753,0.00749
f,34,0.00833,0.00825,0.00816,0.00779,0.00786,0.00782,0.00772,0.00767
f,35,0.00856,0.00848,0.00838,0.00805,0.00813,0.00803,0.00793,0.00788
f,36,0.00881,0.00873,0.00863,0.00834,0.00842,0.00827,0.00816,0.00811
f,37,0.00908,0.00899,0.00889,0.00865,0.00874,0.00852,0.00841,0.00836
f,38,0.00935,0.00926,0.00916,0.00897,0.00907,0.00879,0.00868,0.00862
f,39,0.00962,0.00953,0.00943,0.0093,0.00941,0.00906,0.00894,0.00889
f,40,0.00986,0.00978,0.00967,0.0096,0.00973,0.00931,0.00919,0.00913
f,41,0.01008,0.00999,0.00988,0.00987,0.01002,0.00952,0.00941,0.00935
f,42,0.01025,0.01016,0.01006,0.0101,0.01026,0.00969,0.00958,0.00952
f,43,0.01039,0.0103,0.01019,0.01028,0.01046,0.00983,0.00971,0.00965
f,44,0.01051,0.01042,0.01032,0.01044,0.01065,0.00995,0.00983,0.00977
f,45,0.01066,0.01057,0.01046,0.01062,0.01084,0.01008,0.00997,0.0099
f,46,0.01086,0.01076,0.01065,0.01085,0.01109,0.01027,0.01015,0.01009
f,47,0.01114,0.01105,0.01094,0.01118,0.01143,0.01055,0.01043,0.01036
f,48,0.01153,0.01143,0.01132,0.01161,0.01187,0.01094,0.01082,0.01074
f,49,0.01203,0.01194,0.01183,0.01216,0.01243,0.01144,0.01132,0.01124
f,50,0.01264,0.01255,0.01243,0.01282,0.01309,0.01204,0.01192,0.01184
m,15,0.00381,0.00377,0.00371,0.00367,0.00362,0.00356,0.0035,0.00348
m,16,0.00415,0.00411,0.00405,0.00402,0.00397,0.00391,0.00385,0.00382
m,17,0.00459,0.00455,0.00449,0.00445,0.00441,0.00434,0.00427,0.00425
m,18,0.00508,0.00504,0.00497,0.00494,0.0049,0.00483,0.00476,0.00473
m,19,0.00559,0.00555,0.00548,0.00545,0.00541,0.00533,0.00524,0.00522
m,20,0.00607,0.00602,0.00595,0.00592,0.00588,0.0058,0.0057,0.00567
m,21,0.00647,0.00642,0.00634,0.00631,0.00627,0.00618,0.00607,0.00604
m,22,0.00676,0.00671,0.00662,0.00659,0.00655,0.00644,0.00633,0.00629
m,23,0.00693,0.00688,0.00679,0.00669,0.00667,0.00659,0.00647,0.00644
m,24,0.007,0.00694,0.00685,0.00663,0.00666,0.00665,0.00653,0.00649
m,25,0.00699,0.00694,0.00684,0.00647,0.00657,0.00665,0.00652,0.00649
m,26,0.00697,0.00691,0.00682,0.00632,0.00648,0.00662,0.0065,0.00647
m,27,0.00696,0.0069,0.00681,0.00626,0.00645,0.00662,0.0065,0.00647
m,28,0.00698,0.00693,0.00684,0.0063,0.00648,0.00665,0.00653,0.0065
m,29,0.00706,0.007,0.00691,0.0064,0.00658,0.00672,0.0066,0.00657
m,30,0.00717,0.00712,0.00703,0.00653,0.00672,0.00683,0.00671,0.00668
m,31,0.00731,0.00725,0.00716,0.0067,0.00688,0.00695,0.00683,0.0068
m,32,0.00746,0.0074,0.0073,0.00687,0.00706,0.00708,0.00696,0.00693
m,33,0.0076,0.00754,0.00744,0.00703,0.00723,0.00722,0.00709,0.00706
m,34,0.00775,0.00768,0.00758,0.00721,0.0074,0.00735,0.00722,0.00719
m,35,0.00791,0.00784,0.00773,0.00739,0.0076,0.00749,0.00737,0.00733
m,36,0.0081,0.00803,0.00792,0.00762,0.00783,0.00767,0.00754,0.00751
m,37,0.00834,0.00826,0.00815,0.00789,0.00811,0.00789,0.00776,0.00772
m,38,0.00863,0.00856,0.00844,0.00822,0.00846,0.00817,0.00804,0.008
m,39,0.00898,0.0089,0.00878,0.00861,0.00886,0.0085,0.00836,0.00832
m,40,0.00936,0.00928,0.00916,0.00905,0.00931,0.00886,0.00872,0.00868
m,41,0.00976,0.00967,0.00954,0.00949,0.00976,0.00924,0.0091,0.00905
m,42,0.01014,0.01005,0.00992,0.00993,0.0102,0.0096,0.00946,0.00941
m,43,0.01051,0.01041,0.01028,0.01035,0.01062,0.00995,0.0098,0.00975
m,44,0.01086,0.01076,0.01063,0.01076,0.01102,0.01028,0.01013,0.01008
m,45,0.01123,0.01113,0.01099,0.01119,0.01143,0.01064,0.01048,0.01042
m,46,0.01165,0.01155,0.01141,0.01168,0.0119,0.01104,0.01088,0.01083
m,47,0.01216,0.01206,0.01191,0.01226,0.01246,0.01154,0.01138,0.01132
m,48,0.01279,0.01269,0.01254,0.01297,0.01313,0.01216,0.012,0.01193
m,49,0.01353,0.01342,0.01327,0.01379,0.01392,0.01289,0.01273,0.01266
m,50,0.01436,0.01426,0.0141,0.01471,0.01479,0.01372,0.01355,0.01348
